General Kinks;Ahegao;Commonly referred to as "fucked silly". Refers to a character wearing a facial expression that signifies an immense amount of pleasure during sexual intercourse / or sexual arousal.
General Kinks;Aphrodisiacs;The incorporation of a food, drink, drug, scent, or other such stimulate that generates sexual arousal.
General Kinks;Condoms;The use of condoms in any way, typically refers to a preference for the use of condoms during penetration, but may also refer to condom play, in which a condom (typically filled), is used as a sex toy, or, the filling of condoms with fluids, such as semen.
General Kinks;Crotch Sniffing;The act of receiving pleasure from inhaling the scent of the crotch, or receiving such actions. Emphasis is often placed on the musk and / or pheromone-related properties of the scent.
General Kinks;Drug / Alcohol Use;The use of illicit drugs and / or alcohol in the context of an RP.
General Kinks;Flexibility / Contortionism;Exceptional or unrealistic flexibility, typically used to achieve extremely difficult or impossible sexual positions to derive maximum stimulation.
General Kinks;Food Play;The act of incorporating food into the sexual context of an RP, or which may include (but is not limited to) use of whipped cream or chocolate sauce in a sexual act, receiving sexual gratification from the act of eating, or including rather large amounts of food (but not necessarily). 
General Kinks;Foreplay;Sexual activity that precedes intercourse, incorporating various forms of erotic build up before the actual act of sex.
General Kinks;Ice;The use of ice in any fashion during sex, typically as a form of erotic foreplay.
General Kinks;Inflatables;An expressed interest in characters (or objects) that are inflatable in nature, such as balloons, pool toys, or characters / objects compiled of elastic material meant to be expanded.
General Kinks;Interracial;Romantic / sexual interaction between or involving different races.
General Kinks;Multiple Orgasms;The act of cumming multiple times, sometimes in direct succession, or being the recipient of such actions.
General Kinks;Natural Musk;Refers to an RP involving characters where the aspect of musk is notably present / involved in play. Generally implies one or more characters having a distinct scent (typically with pheromones derived from the crotch).
General Kinks;Objectophilia;A deep interest in particular inanimate objects. Denotes an expressed preference and / or strong feelings of love, sexual attraction, and / or commitment to certain items or structures of a character's fixation. Said objects may be things such furniture, cars, buildings, toys, clothing, and so on.
General Kinks;Onomatopoeia;Engaging in an RP, or getting turned on by an emphasis on exaggerated descriptions of sexual noises in a roleplay, usually described with onomatopoeia, words that seek to duplicate the sounds they describe. Often refers to fluid noises such as: slosh, splurt, squirt, gurgle, splortch, or others.
General Kinks;Potions / Injections;The act of using and / or receiving a substance through any means that has a physical or mental effect on the character receiving it, implies fantastical or unrealistic results.
General Kinks;Sex Toys;Refers to the inclusion of (generally penetrating) sex toys in an RP, including but not limited to dildos, vibrators, anal eggs, anal beads, flesh tubes, etc.
General Kinks;Sexual Exhaustion;Engaging in an RP in which at least one character's genitals and / or orifice(s) endure pain due to exceptionally arduous sex or sex of an exceptional duration, implies continuing despite such.
General Kinks;Sexual Frustration;Engaging in an RP in which at least one character is exceptionally desperate or horny and is often willing to eschew standard inhibitions in order to receive sexual stimulation.
General Kinks;Shaving;Engaging in the removal of fur / hair from a participant in an RP by the means of shaving.
General Kinks;Smoking;Refers to the act of smoking and / or receiving pleasure from an aspect of smoking or smoke during an RP.
General Kinks;Stomach Bulging;Engaging in an RP in which a character's stomach will bulge, either due to an exceptionally large insertion (often taking the shape of such), due to eating an exceptionally large amount of food, or as a localized form of inflation from any liquid or gas.
General Kinks;Strap-ons;Engaging in an RP in which at least one character will wear a strap-on to penetrate another character.
General Kinks;Stuckage;The act of a character getting trapped / stuck in one manner or another. For example: holes, doorways, windows, chairs.
General Kinks;Sweat;The act of sweating and / or receiving sexual gratification from the appearance, taste, scent and / or tactility of sweat.
General Kinks;Tail Pulling;Pulling a partner's tail during sexual intercourse. Often as a means of forcing the bottom to clench, or as a handle, or merely a cute act.
General Kinks;Teasing;Refers to extended scenes of foreplay prior to explicit, sexual intercourse, which may be physical and / or verbal, typically to arouse one's partner to the point of sexual frustration or desperation.
General Kinks;Tickling;The act of tickling and / or being tickled in a sexual context of an RP, or, receiving sexual stimulation from such.
Character Preferences;Amputees;Characters that have had limbs amputated, or are missing a limb / limbs.
Character Preferences;Anatomically Correct;Expresses an interest in characters that have realistic and average body proportions.
Character Preferences;Androgyny;Gender ambiguity in appearance. May also be found in fashion, voice, gender identity, sexual identity, or lifestyle.
Character Preferences;Animal Anatomy;Expresses an interest in characters with penises or vaginas that are exact replicas of those of real animals.
Character Preferences;Anthro Characters;Characters that are anthropomorphic in nature, typically defined as an object or animal species with human characteristics.
Character Preferences;Barbed Cocks;Expresses an interest in penises with barbed heads, typically feline.
Character Preferences;Body Hair;Expresses in interest in characters that have body hair. Generally denotes hair on places like a character's chest, arms, legs, armpits, stomach trail, etc.
Character Preferences;Canon Characters;Expressing an interest in characters from established "canonized" media, derived from official publicized content such as movies, video games, TV, comics, and so on.
Character Preferences;Chubby;Expresses an interest in characters that are well-rounded and pudgy, with a little more extra weight than average but not necessarily fat.
Character Preferences;Cut Cocks;Expresses an interest in circumcised penises.
Character Preferences;Disabilities;Expresses an interest in characters with disabilities in some way, such as deafness, blindness, paraplegia, or other impairments that may be cognitive, developmental, intellectual, mental, physical, sensory, or some combination of these.
Character Preferences;Exotic Cocks;Expresses an interest in unusually shaped or accessorized penises.
Character Preferences;Facial Hair / Beards;Expresses an interest in characters sporting facial hair in some manner, which can extend anywhere from scruffy stubble to full beards.
Character Preferences;Fangs / Sharp Teeth;Expresses an interest in having or playing with a character that has sharp pointed fangs and/or teeth.
Character Preferences;Femboys;Effeminate, girly males.
Character Preferences;Femininity;An interest in characters that tend to be traditionally feminine in appearance and / or personality.
Character Preferences;Genital / Nipple Piercings;Engaging in an RP in which at least one character has piercings that are located on the nipples or sexual areas of the body, typically cock or labia piercings.
Character Preferences;Hirsute;Refers to the preference for characters with excessive or pronounced hair, typically involves character that would otherwise not have hair to have hair, or for furry characters to have additional hair in areas such as but not limited to the pubis, armpits and chin, and often implies a denser or more wiry texture of hair.
Character Preferences;Horns;A preference for characters that possess horns, regardless of the appropriateness of horns to the character's species.
Character Preferences;Human Cocks;Expresses an interest in characters that have human shaped penises.
Character Preferences;Hyper Asses;Expresses an interest in asses that are incredibly large and disproportional to their body size.
Character Preferences;Hyper Balls;Expresses an interest in balls that are exceptionally large.
Character Preferences;Hyper Breasts;Expresses an interest in breasts that are incredibly disproportionate to their body size.
Character Preferences;Hyper Cocks;Expresses an interest in large penises incredibly disproportionate to their body size.
Character Preferences;Hyper Fat;Expresses an interest in characters that are impossibly obese.
Character Preferences;Hyper Muscle;Expresses an interest in characters that have an impossibly muscular physique.
Character Preferences;Hyper Vaginas;Expresses an interest in vaginas that are exceptionally large, or with unrealistic proportions.
Character Preferences;Hyper-Voluptuous;Expresses an interest in characters that have unrealistically large hips and buttocks.
Character Preferences;Intelligent Characters;Exhibits a preference for characters that have particularly high levels of intelligence, wit, cunning and manipulation skills.
Character Preferences;Knotted Cocks;Expresses an interest in penises with a knot.
Character Preferences;Large Asses;Expresses an interest in exceptionally large asses. 
Character Preferences;Large Balls;Expresses an interest in balls that are large.
Character Preferences;Large Breasts;Expresses an interest in exceptionally large breasts.
Character Preferences;Large Cocks;Expresses an interest in exceptionally large cocks.
Character Preferences;Large Tails;Expresses an interest in exceptionally large or dense tails.
Character Preferences;Macro Asses;Expresses an interest in impossibly large asses that are incredibly disproportionate to their body size.
Character Preferences;Macro Balls;Expresses an interest in balls that are larger than their owner, with or without being proportionate to the owner's penis.
Character Preferences;Macro Breasts;Expresses an interest in impossibly large breasts that are incredibly disproportionate to their body size.
Character Preferences;Macro Cocks;Expresses an interest in penises that are taller and / or wider than its owner.
Character Preferences;Macrophilia;Expresses an interest in characters that are incredibly and unrealistically tall.
Character Preferences;Magic Users;RPs involving characters that are capable of performing magical or supernatural feats that may or may not be sexual in nature.
Character Preferences;Masculinity;An interest in characters that tend to be traditionally masculine in appearance and / or personality.
Character Preferences;Mega Macro;Expresses an interest in characters that are at least one mile tall.
Character Preferences;Microphilia;Expresses an interest in characters that are impossibly and unrealistically small.
Character Preferences;Moobs;Expresses an interest in male identifying characters that have significant breast tissue, typically known as gynecomastia.
Character Preferences;Multi Genitalia;Expresses an interest in characters that have more than one set of external sex organs.
Character Preferences;Multiple Breasts;Expresses an interest in characters that have more than one pair of breasts.
Character Preferences;Muscular Characters;Expresses an interest in characters that are powerfully-built and / or athletic.
Character Preferences;Nonsexual Piercings;Engaging in sex with a character who has piercings on parts of their body that are not of a sexual nature, such as but not limited to tongue, ears, nose, lips, bellybutton etc.
Character Preferences;Older Characters;Expresses a preference for characters that are older than one's own.
Character Preferences;Original Characters;Expressing an interest in characters that are of the player's own personalized creation (typically not from established publicized media).
Character Preferences;Prehensile Cocks;Expresses an interest in characters that have the ability to control the motion of their penises.
Character Preferences;Pubic Hair;Expresses an interest in pubic hair, possibly in large or excessive quantities.
Character Preferences;Quadrupeds;Characters that walk on four legs.
Character Preferences;Rubber / Elastic Characters;Expresses an interest in characters who are composed of rubber, latex, or an otherwise elastic material.
Character Preferences;Sheaths;Expresses an interest in characters that have a sheath.
Character Preferences;Shorter Characters;An expressed interest in characters that are shorter than one's character.
Character Preferences;Size Differences (1-3 Feet);Engaging in an RP in which the height difference between any, two characters is between one and three feet.
Character Preferences;Size Differences (Micro / Macro);Engaging in an RP in which the height difference between any, two characters is extremely large.
Character Preferences;Skinny Characters;Expresses an interest in characters that are rather thin or lank.
Character Preferences;Slime / Goo Characters;Expresses an interest in characters who are composed of slime, goo, fluids, or similar viscous / semi-viscous substances.
Character Preferences;Small Breasts;Expresses an interest in breasts that are particularly small, sometimes to the point of appearing absent.
Character Preferences;Small Cocks;Expresses an interest in cocks that are smaller than five inches.
Character Preferences;Superheroes / Villains;Characters that fit into the Superhero / Superhuman genre, set in a world of heroes and villains, where costumed crime fighters and individuals with superhuman powers exist.
Character Preferences;Tails;A preference for characters that possess tails, regardless of the appropriateness of tails to the character's species.
Character Preferences;Taller Characters;An expressed interest in characters that are taller than one's character.
Character Preferences;Tattoos / Body Art;An interest in characters that have tattoos.
Character Preferences;Tentacles;Engaging in an RP that involves self-sentient tentacles, or a character / entity with tentacle-like appendages. Often implies multiple penetration.
Character Preferences;Tomboys;Females who behave or present themselves in a masculine manner.
Character Preferences;Toons;Characters that are "cartoony" in nature, implying exaggerated design styles and anatomy as well toony physics and behaviors.
Character Preferences;Twinks;Expresses an interest in male characters that are typically skinny / slim in build, having little or no body or facial hair, and described as conventionally attractive, but still present as masculine / male.
Character Preferences;Twins / Clones;Expresses an interest in two or more characters who are identical, often siblings but not necessarily, who may or may not be played by the same player.
Character Preferences;Udders;Expresses interest in characters with udders instead of, or in addition to, normal breasts.
Character Preferences;Uncut Cocks;Expresses an interest in penises that have not been circumsized and have present foreskin.
Character Preferences;Unintelligent Characters;Exhibits a preference for characters that exhibit below-average intelligence, often low enough to make them easy to manipulate, this includes everything from air-headed bimbos to large, animalistic brutes.
Character Preferences;Very Fat Characters;Expresses an interest in characters that are exceptionally overweight or obese.
Character Preferences;Very Lithe Characters;Expresses an interest in characters that are exceptionally thin or lank.
Character Preferences;Very Muscular Characters;Expresses an interest in characters that are exceptionally muscular or toned.
Character Preferences;Voluptuousness;Expresses an interest in characters with wider than average hips and large buttocks.
Character Preferences;Wings;A preference for characters that possess wings, regardless of the appropriateness of wings to the character's species.
Character Preferences;Younger Characters;Expresses a preference for characters that are younger than one's own.
Gender Preferences;Cuntboys;Expresses an interest in male characters who have a vagina instead of typically male genitals.
Gender Preferences;Females;Expresses an interest in traditionally female characters.
Gender Preferences;Hermaphrodites;Expresses an interest in female-identifying characters that have breasts, a penis, and a vagina.
Gender Preferences;Male-Herms;Expresses an interest in male-identifying characters that have a penis and a vagina.
Gender Preferences;Males;Expresses an interest in traditionally male characters.
Gender Preferences;Nonbinary;Characters that do not strictly identify or abide by a gender binary (regardless of originally assigned gender or biological sex). 
Gender Preferences;Shemales;Expresses an interest in female-identifying characters that have a penis (and typically breasts), but not a vagina.
Gender Preferences;Trans Females;Expresses an interest in transgender characters that identify as female regardless of originally assigned gender or biological sex.
Gender Preferences;Transgender;Expresses an interest in characters whose assigned sex and identified gender are not the same, who identifies as a non-binary gender, or who has transitioned (or is in the process of transitioning) from one previously assigned gender to another.
Gender Preferences;Trans Males;Expresses an interest in transgender characters that identify as male regardless of originally assigned gender or biological sex.
Species Preferences;Amphibians;Salamanders, Frogs, Toads, Newts, etc.
Species Preferences;Angels;Angels or other celestials, typically magical. 
Species Preferences;Animals / Ferals;Refers to the preference and / or interest in partners whose characters are non-sentient, and typically quadrupedal and / or non-anthropomorphized, animals, which may or may not necessarily be anatomically accurate in regard to body size.
Species Preferences;Avians;Birds, gryphons, phoenixes, rocs, chimeras etc.
Species Preferences;Bats;Bats and other true-flight mammals.
Species Preferences;Bovines;Bulls, cows, buffalo etc.
Species Preferences;Canines;Domesticated dogs, wolves, dingos, coyotes, jackals etc.
Species Preferences;Caprinae;Sheep, goats, etc.
Species Preferences;Cervines;Deer, elk, moose etc.
Species Preferences;Demons;Demons or devils, typically magical. May also include other, fantastical creatures, such as but not limited to Incubi, Succubi, and fiends.
Species Preferences;Digimon;Characters from the manga and television show "Digimon"
Species Preferences;Dinosaurs;Prehistoric species such as tyrannosaurus rex, triceratops, raptors, apatosaurus, etc.
Species Preferences;Divinities;Gods, goddesses, demi-gods and demi-goddesses of all sorts, ranging from those barely more powerful than a mortal to the nearly omnipotent.
Species Preferences;Dragons;Dragons, drakes, wyverns, etc.
Species Preferences;Driders;Describes a kind of species that is a combination of human and spider. Usually, their anatomy consists of a (mostly) humanoid upper body seated on top of the body of a spider. It may refer to hybrids with mostly humanoid or arachnid features as well.
Species Preferences;Elves;Humanoid individuals characterized by long pointed ears and typically containing fantasy elements.
Species Preferences;Equines;Horses, donkeys, mules, zebra, centauri etc.
Species Preferences;Exotic Species;Expresses an interest for uncommon, hybrid or otherwise exotic choices in species.
Species Preferences;Fae;Beings of the mythical and supernatural variety, generally consisting of things such as fairies, imps, spirits, elementals, etc.
Species Preferences;Felines;Domesticated cats, jaguars, lions, tigers, cheetahs etc.
Species Preferences;Fish / Sharks;Gill-bearing aquatic animals such Great Whites, Tiger sharks, Whale sharks, and various types of fish.
Species Preferences;Humanoids;Characters that have a humanoid shape but are not human. Examples may consist of various races such as satyrs, gnomes, dwarves, halflings, tieflings, etc.
Species Preferences;Humans;Characters that are purely human, generally realistic, and generally contain no fantasy or supernatural elements (but not necessarily).
Species Preferences;Hyaenidae;Hyenas!
Species Preferences;Insects / Arachnids;Bees, wasps, spiders, scorpions, ants etc.
Species Preferences;Kemonomimi;Characters with animal ears, a tail, or other animal characteristics on an otherwise human body.
Species Preferences;Lamia / Naga;Characters with lower bodies (typically serpentine) that do not possess legs, with their lower extremities being more akin to a snake, eel, worm, fish, or similar.
Species Preferences;Lapines;Bunnies, rabbits, hares etc.
Species Preferences;Lycanthropes;A character with the ability and/or condition to transform into an animal or particular non-human beast (generally an anthropomorphic animal or animal-like creature). Examples of such would be werewolves, werecats, and all forms of general werebeasts.
Species Preferences;Mammals;Any character belonging to the Mammalia class.
Species Preferences;Marine Mammals;Whales, dolphins, etc.
Species Preferences;Marsupials;Kangaroos, koala, possums, wombats etc.
Species Preferences;Mephitis;Skunks, basically!
Species Preferences;Mollusca;Slugs, snails, oysters, squids, octopuses, etc.
Species Preferences;Monkeys / Primates;Apes, monkeys, chimps, gorillas, etc.
Species Preferences;Monsters;Various types of monsters and aesthetically challenging characters.
Species Preferences;Moogles;Moogles are a recurring race from the Final Fantasy computer games. They have small wings, usually pink / white fur and a pom-pom hanging from their heads.
Species Preferences;Mustelidae;Minks, ferrets, weasels, stoats, otters, wolverines, martens etc.
Species Preferences;My Little Pony;Characters from, or related to, the television show "My Little Pony."
Species Preferences;Orcs;A race of humanlike creatures, normally larger than humans and green skinned. They are typically characterized as brutish and aggressive (but not necessarily so).
Species Preferences;Parasites;Expresses an interest in characters being infested with a parasitic organism or hosting one, or involving parasitic characters in general.
Species Preferences;Plants;Any form of plant life, vegetation or character composed partially, or fully, there-of.
Species Preferences;Pokemon;"Characters from the manga and television show "Pokemon".
Species Preferences;Predator Species;Expresses a preference for characters which are often perceived to be predatorial, e.g. wolves, hyenas, tigers, bears, dragons etc.
Species Preferences;Prey Species;Expresses a preference for characters which are often perceived to be meek or preyed upon, e.g. mice, deer, raccoons, bunnies etc.
Species Preferences;Procyonidae;Raccoons, coatimundi, longtails etc.
Species Preferences;Reptiles;Chameleons, anoles, alligators, snakes, crocodiles, lizards, etc.
Species Preferences;Robots, Cyborgs, Androids;
Species Preferences;Rodents / Murines;
Species Preferences;Sentient Cocks;
Species Preferences;Taurs;
Species Preferences;Undead;
Species Preferences;Ursines;
Species Preferences;Vampires;
Species Preferences;Vulpines;
Species Preferences;Xeno / Alien;
Age Related;Age Differences;Adult characters with significant gaps in the ages between them (does not imply underage).
Age Related;Ageplay;Refers to scenes that involve one or more significantly underage characters, and putting a significant focus on that age aspect and it's involvement in the roleplay (such as highlighting youthfulness, immaturity, or the taboo nature of one's age). May include sexual interactions, but not necessarily.
Age Related;Age Progression;Scenes in which a character's age progresses, often focusing on their physical development but may incorporate mental aspects.
Age Related;Age Regression;Scenes in which a character becomes younger, physically and sometimes mentally. 
Age Related;Underage Characters;A situation in which at least one character involved will be under the age of 18.
Anal Sex & Play;Anal Fisting;The act of inserting one's hand(s) and / or arm(s) into one's partner's anus, or being the recipient of such acts.
Anal Sex & Play;Anal Prolapse;Where insides of the anus are pulled out by force (unnatural means, such as a cream, liquid or suction method, or internal massage) or naturally (either by a cock, dildo, or pushing).
Anal Sex & Play;Anal Sex (Giving);The act of anally penetrating a partner.
Anal Sex & Play;Anal Sex (Receiving);The act of being anally penetrated.
Anal Sex & Play;Anal Training;Engaging in the use of the various anatomy of a character's anus to otherwise prepare and / or acclimate the character to an insertion, the size of which the character would not otherwise be comfortable taking.
Anal Sex & Play;Anal Virginity;Engaging in anal sex with a character who has never been anally penetrated before, or being anally penetrated while playing a character that has never been penetrated before.
Anal Sex & Play;Enemas;The application of a liquid, typically warm water or a body fluid, to the intestines of a character, often to clean them out, but sometimes as a form of discipline or sexual gratification, or receiving such actions, might imply a form of administration other than phallic penetration.
Anal Sex & Play;Fingering (Anal);The act of using one's fingers to stimulate another character anally, or receiving such actions, in order to induce sexual pleasure.
Anal Sex & Play;Gaping (Anal);Stretching the anus during penetration, to the point that it stays open for a period of time.
Anal Sex & Play;Pegging;Anal penetration with a strap-on.
Anal Sex & Play;Prostate Play;The act of stimulating the prostate, generally rectally with fingers or toys.
Anal Sex & Play;Rimming (Giving);The act of giving oral stimulation to a partner's anus, by the means of licking and / or penetrating the recipient's anus with the tongue.
Anal Sex & Play;Rimming (Receiving);The act of receiving oral stimulation to one's anus, by the means of licking and / or having one's anus penetrated by the tongue.
Vaginal Sex & Play;Cervical Penetration;Engaging in sex that involves the penetration, by the penis or by another object, of a cervix, typically connotes exceptionally rough sex or exceptionally large insertions.
Vaginal Sex & Play;Clit Play;Play that is centered around the clitoris, applying stimulation and significant attention, usually as a form of achieving orgasm. 
Vaginal Sex & Play;Fingering (Vaginal);The act of using one's fingers to stimulate another's vagina, or receiving such actions, in order to induce sexual pleasure, commonly resulting in orgasm.
Vaginal Sex & Play;Gaping (Vaginal);Stretching the vagina during penetration, to the point that it stays open for a period of time.
Vaginal Sex & Play;Pussy Worship;Gratuitous acknowledgment of one's partner's vagina, either verbal and / or physical, or receiving such actions, typically implies oral stimulation.
Vaginal Sex & Play;Queefing;The sounds of air expulsion from the vagina via intercourse.
Vaginal Sex & Play;Squirting;The act of a vagina emitting a projectile fluid during orgasm.
Vaginal Sex & Play;Tribadism / Scissoring;Form of non-penetrative sex in which a person rubs their vagina against a same-sex partner's body for sexual stimulation, in most cases vaginal-to-vaginal contact through scissoring.
Vaginal Sex & Play;Vaginal Fisting;The act of placing one's hand(s) and / or arm(s) into a vagina, or receiving such actions.
Vaginal Sex & Play;Vaginal Prolapse;Where insides of the vagina are pulled out by force (unnatural means, such as a cream, liquid or suction method, or internal massage) or naturally (either by a cock, dildo, or pushing).
Vaginal Sex & Play;Vaginal Sex (Giving);The act of sexually penetrating a vagina.
Vaginal Sex & Play;Vaginal Sex (Receiving);The act of being sexually penetrated in the vagina.
Vaginal Sex & Play;Vaginal Virginity;Engaging in vaginal sex with a character who has never been vaginally penetrated before, or being vaginally penetrated while playing a character that has never been penetrated before.
Oral Sex & Play;Ass to Mouth;The act of anally penetrating a character with a cock (or phallic object, in terms of strap ons), then withdrawing the cock and having it go straight to the other's mouth for them to perform oral.
Oral Sex & Play;Auto-Fellatio;The act of performing fellatio or cunnilingus on one's self.
Oral Sex & Play;Cunnilingus (Giving);The act of performing cunnilingus -- oral sex on a character's vagina.
Oral Sex & Play;Cunnilingus (Receiving);The act of receiving cunnilingus -- oral sex on a character's vagina.
Oral Sex & Play;Face-Fucking;Refers to the act of penetrating the mouth of another character with a similar technique as fucking a vagina or anus, typically by bracing the mouth or skull and thrusting back and forth, often rough.
Oral Sex & Play;Face-Sitting;A sexual practice where someone sits on another character's face with their buttocks or genitals, causing the person to be smothered, sometimes to the point of asphyxiation, often done as a form of forcing oral gratification.
Oral Sex & Play;Fellatio (Performing);The act of performing fellatio -- oral sex on a character's penis.
Oral Sex & Play;Fellatio (Receiving);The act of receiving fellatio -- oral sex on a character's penis.
Oral Sex & Play;Fingers in Mouth;Expresses an interest in play that involves inserting fingers in one's mouth. Often implies sucking, licking, feeling out one's mouth in an exploratory fashion, or possibly inserting something into it.
Oral Sex & Play;Kissing;Expresses an interest in kissing or being kissed by another character, typically denoting French kissing.
Oral Sex & Play;Licking;The act of one character licking another. May or may not be sexual.
Oral Sex & Play;Oral Fixation;An act in which a character is unconsciously obsessed with the mouth and feels the need to be sucking, chewing, or inserting something into it.
Oral Sex & Play;Oral Sex (Giving);The act of performing fellatio or cunnilingus.
Oral Sex & Play;Oral Sex (Receiving);The act of receiving fellatio or cunnilingus.
Oral Sex & Play;Oral Virginity;Engaging in an RP in which a character that has never performed fellatio or cunnilingus performs such acts.
Oral Sex & Play;Saliva;Interest in roleplay that prominently includes saliva. This may refer to excessive secretion and great appreciation of it.
Oral Sex & Play;Teeth Play;Expresses an interest in play that revolves around one's teeth. Often denotes cleaning and similar dental play.
Oral Sex & Play;Throat Penetration;The act of penetrating the mouth of another character to the depths at which the penis or insertion enters the back of the mouth cavity and / or throat, sometimes causing a gag reflex, or being the recipient of such actions.
Cock Play;Cock / Ball Smothering;The act of smothering a character with a cock and / or balls, making it difficult to breathe.
Cock Play;Cock / Balls Worship;Gratuitous acknowledgment of one's partner's cock and / or balls, either verbal and / or physical, or receiving such actions, typically implies oral stimulation.
Cock Play;Cock Fucking;The act of inserting one's penis into another penis and thrusting into it as if it were a more traditional orifice.
Cock Play;Cock Slapping;The act of using one's penis to slap one's partner and / or being slapped by a penis, usually in order to humiliate or debase a bottom prior to or during fellatio.
Cock Play;Cock Warming;The act of slipping one's erection into a partner's body in order to keep warm, typically considered a more intimate and sexual means of spooning.
Cock Play;Docking;Phallic insertion into another person's sheath and / or foreskin.
Cock Play;Flaccid Play;Expresses an interest in play that involves a character's penis being flaccid. May involve handjobs or oral sex while flaccid, or attempting penetration in such a state.
Cock Play;Foreskin Worship;Gratuitous acknowledgment of one's partner's foreskin, either verbal and / or physical, or receiving such actions, typically implies oral stimulation.
Cock Play;Frotting;The act of at least two penises being ground against each other for sexual gratification.
Cock Play;Sheath Play;The act of stimulating or otherwise playing with the sheath of a character, typically through tonguing or fingering, or receiving such actions, or being sexually aroused by the scent, taste, or touch of a sheath.
Cum Related;Bukkake;The act of a group of at least two people ejaculating directly onto the face and / or body of a single recipient, or receiving such actions.
Cum Related;Creampie;The act of orgasming into or onto an exposed, often gaping, orifice, or receiving such actions.
Cum Related;Cum;Sexual fluids, often generated from one's orgasm.
Cum Related;Cum Bath;The act of being treated physically with cum (typically in large amounts) such as having it rubbed into one's skin or fur, or literally bathing in it, or having one's semen used in such ways.
Cum Related;Cum Enemas;The act of performing an enema, the liquid being used in such being semen, or receiving such actions, often by means of an orgasm.
Cum Related;Cum From Mouth / Nose;The act of ejaculating with such force and / or by such a volume that the cum leaks and / or sprays from a characters mouth and / or nose, or receiving such actions.
Cum Related;Cum Marking;The act of cumming onto a bottom or submissive with the intent for the scent or sight of the cum to work as a proprietary mark, sometimes for extended or permanent periods of time, or receiving such actions.
Cum Related;Cum Milking;The act of collecting or milking the semen from at least one partner, typically done through manual or mechanical stimulation to the penis, or using stored semen as a sexual toy in an RP. Often involves machines and apparati.
Cum Related;Cum on Clothes;The act of ejaculating onto clothing or wearing clothing that has been ejaculated on, often in public and / or for extended periods of time.
Cum Related;Cum Vomit;The act of, or interest in, vomiting cum that has been recently ingested, typically in copious amounts but not necessarily.
Cum Related;Excessive Precum;Engaging in an RP in which a character produces a larger than average amount of precum, typically unrealistic.
Cum Related;Excessive Semen;Engaging in an RP in which a character produces a larger than average amount of semen, typically unrealistic.
Cum Related;Felching;The act of orally sucking semen out of a partner's anus or vagina.
Cum Related;Hard Cum Facials;The act of cumming onto someone's face with no regard for that person's well-being, typically cumming into their ears, onto their eyes, into their nostrils or hair etc., or receiving such action, implies an exceptionally large amount of semen.
Cum Related;Heavily Excessive Precum;Engaging in an RP in which a character, typically unrealistically endowed, produces exceptionally large volumes of precum, including but not limited to multiple gallons, and / or looses precum with exceptional force and consistency, often to the point of being comparable to urinating or further.
Cum Related;Heavily Excessive Semen;Engaging in an RP in which a character, typically unrealistically endowed, produces exceptionally large volumes of semen, including but not limited to multiple gallons, and / or looses semen with exceptional force and consistency, often to the point of being comparable to urinating or further.
Cum Related;Internal Cumshots;The act of ejaculating into another's body, or receiving such actions.
Cum Related;Premature Ejaculation;Expresses interest in at least one partner reaching orgasm very quickly, typically implies eagerness, excessive sensitivity and / or prolonged teasing.
Cum Related;Realistic Cum;Expresses a preference for engaging in an RP in which the volume and quality of sexual fluid is realistic.
Cum Related;Shooting Precum;Engaging in an RP in which a character spurts precum with exceptional force and consistency.
Cum Related;Sloppy Seconds;Engaging in an RP in which a character that has just been came in receives sex from a different partner in the same orifice without removing the previous top's semen.
Cum Related;Snowballing;The act of receiving cum into one's mouth transmitted from another person's mouth, or french kissing while sharing a load of cum between one anothers' mouths.
Cum Related;Soft Cum Facials;The act of cumming directly onto one's face, typically into an open mouth or across the cheeks and / or lips, or receiving such actions.
Cum Related;Swallowing Semen;The act of orally consuming semen, either directly or indirectly from a penis.
Cum Related;Thick / Sticky Cum;A preference for characters' semen to be particularly thick and / or viscous, often comparable to tar or glue.
Cum Related;Unusual Semen;A preference for a character's semen to have any number of unusual or atypical properties, often referring to taste, color, texture, scent and / or temperature.
Penetration & Sexual Themes;3+ Penetration;The act of penetrating a single character with three or more objects, including but not limited to cocks, sex toys, hands, etc., or receiving such actions.
Penetration & Sexual Themes;All the Way Through;The act of a character being penetrated by an object (generally in a nonharmful fashion), and having it extend out their other end - typically ass / vagina to mouth, vice versa, or other orifices in a less realistic fashion. May also include fluids being pumped into one end and coming out the other. 
Penetration & Sexual Themes;Double Penetration;The act of penetrating a single character with two objects, including but not limited to the penis, sex toys, fist etc., or receiving such.
Penetration & Sexual Themes;Extreme Tightness;Engaging in an RP in which at least one character exhibits exceptional tightness in their anus, vagina, or throat, sometimes implies pain, exceptionally large penetrations and / or inexperience.
Penetration & Sexual Themes;Gangbangs;A situation in which several people engage in physical sexual activity with one particular character sequentially or at the same time.
Penetration & Sexual Themes;Knotting / Tying;The act of lodging the knot of a penis, typical of canine anatomy, into an orifice to "tie" with your partner.
Penetration & Sexual Themes;Living Insertions;The act of inserting an animate object(s) into an orifice, or receiving such action, typically worms, insects, or alien creatures.
Penetration & Sexual Themes;Nipple Penetration;The act of penetrating the nipple, often deep into the breast, with an object such as a finger, sex toy or penis, etc., or receiving such actions.
Penetration & Sexual Themes;Non-Standard Penetration;Alternative forms of penetration outside of the norm such as of the ears, nose, eyes, or generating new / nonstandard holes to use in a sexually penetrative fashion.
Penetration & Sexual Themes;Somnophilia;The act of engaging in sexual intercourse with a sleeping partner or enjoying being on the receiving end thereof.
Penetration & Sexual Themes;Sounding;The act of inserting metal rods into a character's urethra, or receiving such actions, technically implies rods that resonate and / or vibrate in response to a form of stimulation, but does not necessarily mean so.
Penetration & Sexual Themes;Tailsex;Penetrating an orifice using a character's tail.
Penetration & Sexual Themes;Tantric Sex;A form of sex characterized by its focus on intimacy and emotional closeness between involved parties. Often implies a long duration with a significant aim on their intertwining such as listening to heartbeats, breathing, and exploring one another through a deep romantic bond.
Penetration & Sexual Themes;Urethra Play;Sexual stimulation or play involving the urethra. When involving cocks, typically connotates inserting objects into the penis.
Penetration & Sexual Themes;Vanilla Sex;Sex which does not involve such elements as BDSM, kink, or fetish activities.
Roleplay Preferences;Approaching IC;Approaching another roleplayer while "in character." Generally means carrying out actions, speaking as your character, and other forms of character emoting. This is a means of diving straight into roleplay with little to no out-of-character discussion beforehand.
Roleplay Preferences;Approaching OOC;Approaching another roleplayer while "out of character." Generally means speaking to another player as yourself the player, not as your character, and does not involve actions or emotes from your character. This is done to discuss scenes and RP ideas first with the player, rather than jumping into something without forethought.
Roleplay Preferences;Drawn Image References;Expresses an interest in character profiles that use drawn / art images for visual references for their character.
Roleplay Preferences;Instant Hookups;An in-character meeting between one or more characters that more often than not will lead to sudden intercourse without much thought prior to it.
Roleplay Preferences;Multiple Characters;Expresses an interest in the ability to take turns playing a character other than one's main character in a single roleplay, or simply involving a number of other characters within a roleplay.
Roleplay Preferences;Nonsexual Roleplay;Scenes of extended play that involve either no sex or very little sex.
Roleplay Preferences;Photograph References;Expresses an interest in character profiles that use (professional standard, in accordance with site rules) photos, or "face claims" for visual references for their character.
Roleplay Preferences;Plot Twists;Revelatory events in storytelling that alter the course of the roleplay.
Roleplay Preferences;Private Roleplay;Expresses an interest in conducting roleplay in private, be it private messages, notes, or some other nonpublic means of messaging.
Roleplay Preferences;Public Room Roleplay;Expresses an interest in conducting roleplays publicly, usually in a group with other players, in an open room within F-Chat (or group threads).
Roleplay Preferences;Roleplay Perspective - First Person;Roleplaying in a first-person perspective. "I see you." is an example of a sentence written in first person.
Roleplay Preferences;Roleplay Perspective - Second Person;Using the word â€˜you' to refer to another's character and third person to refer to one's own.
Roleplay Preferences;Roleplay Perspective - Third Person;"Roleplaying from a third-person perspective. "He sees her." is an example of a sentence written in third person."
Roleplay Preferences;Sex Driven;Expresses a preference to eschew story and / or character development to reach the sexual context of a scene more quickly.
Roleplay Preferences;Story Driven;Expresses a preference for RPs where plot and story are the focal point, typically involving complex situations, character development, framed scenes, elaboration, and amplification of settings. Often (but not necessarily) comparatively containing little sex.
Roleplay Preferences;Storytelling (Narrator);Expresses an interest in narrating the story, playing as the entire setting and running most of the characters and the environment for their partner(s), usually without playing a protagonist character of their own.
Roleplay Preferences;Storytelling (Player);Expresses an interest in playing the protagonist character in a story narrated by their partner, where the partner plays as the entire setting and running most of the characters and the environment for the protagonist character.
Themes & Settings;Adultery;The act of voluntary sexual intercourse between a person and another character who is not their established spouse or partner.
Themes & Settings;Affection;The act of providing the sensations of tenderness and fondness, having characters express such feelings with one another through endearing behaviors.
Themes & Settings;Babysitter;A situation in which one character will either be or roleplay as another character's babysitter.
Themes & Settings;Bad Ends;A scenario where a character doesn't necessarily have to face death, but is presented with an unfortunate and inevitable future. May involve situations where a character is forced to submit to an undesired opposition or is trapped in a dangerous scenario where there is no escape.
Themes & Settings;Competition;Pertains to multiple dominants competing to administer domination the best, or multiple submissives competing to please a dominant the best.
Themes & Settings;Consensual;A preference for sexual interactions between characters in an RP to be fully consenting, by their characters' own free wills.
Themes & Settings;Cuckolding;A scenario in which one partner is complicit in their partner's infidelity and derives sexual pleasure from it. Generally consists of watching their established partner have sexual relations with another individual, often where the other is considered to be "better" than them, but not necessarily.
Themes & Settings;Dating;Engaging in an RP where characters go on a date.
Themes & Settings;Dub-Consensual;"Denotes situations of "dubious consent," where the receiver either claims denial, uncertainty, or is unclear in their agreement. Typically denotes secretly enjoying what is occurring. May involve the character struggling with the personal internal conflict of unsureness. Often sexual, but can be applied to a variety of circumstances."
Themes & Settings;Exhibitionism;Engaging in some kind of play where one or both parties will be caught, spotted, or otherwise observed by a third party or parties, adding to the thrill (and / or humiliation).
Themes & Settings;Fantasy;Themes consisting of the fantasy genre, involving magic or other supernatural elements as a main plot element, theme, or setting. Magic and magical creatures are commonly incorporated.
Themes & Settings;Fighting / Wrestling;The act of physically sparring, either with malice or more playfully, with another character in an RP, typically non-sexual, although sometimes with the intent to pin the bottom or submissive in order to penetrate them.
Themes & Settings;Horror;Themes consisting of the horror genre, incorporating aspects that are considered creepy, macabre, scary, or unsettling (typically to elicit a physiological reaction) as a main plot element, theme, or setting.
Themes & Settings;Humor / Comedy;Expresses an interest in the inclusion of humorous dialogue, settings, or situations.
Themes & Settings;Incest;Engaging in an RP in which at least two characters will be related, either by blood or by marriage.
Themes & Settings;Incest (Parental);Involves relationships where the characters are blood related in terms of being parent and child.
Themes & Settings;Incest (Siblings);Involves relationships where the characters are blood related in terms of being siblings.
Themes & Settings;Inexperienced Partners;Refers to players whose characters are sexually inexperienced and / or naive (typically younger or virgin characters), or an interest in RPing with such characters, does not refer to the RPing capabilities of the player.
Themes & Settings;Infantilism;A scenario in which a character (be they adult or otherwise) will be treated as if they are exceptionally young, typically implies diaper wearing and / or diaper usage. Tends to include rather infantile themes and aspects.
Themes & Settings;Informality;Treating sexual acts, having explicit dialogue or reacting to predetermined kinks casually, or as if they were normal in their setting.
Themes & Settings;Kidnapping;The act of abducting a character in an RP, (typically for the purpose of abusing, usually sexually, but not necessarily) or being abducted for such reasons, often implies indefinite imprisonment.
Themes & Settings;Medical Play;Engaging in an RP set in a medical setting, such as a hospital, or an RP involving aspects of medicine, such as injections, medical equipment, uniforms or medical experiments or procedures.
Themes & Settings;Military Themes;Expresses an interest in scenes, settings, and themes that incorporate military aspects. Implies concepts such as war, weapon involvement, uniforms, rank, and more. All of which may be historical, fantasy, scifi or otherwise.
Themes & Settings;Modern Settings;Themes consisting of the modern aspects, taking place in current times. Often implies up to date technology and culture. 
Themes & Settings;Multiple Partners;Engaging in an RP containing at least three characters.
Themes & Settings;Nightclubs / Bars;Engaging in an RP which is set in a nightclub or a bar setting.
Themes & Settings;Nonconsensual;Engaging in an RP in which a character will be forced to give or receive sex against their will by another character.
Themes & Settings;Parent and Child Play;Describes a kind of relationship where the dominant assumes the role of a parent. This usually involves the dominant party being especially caring, nurturing and protective towards their sub. Conditioning and guidance are often involved as well.
Themes & Settings;Photography / Videotaping;The act of visually recording a scene amongst participants, often as a form of humiliation, exhibitionist fetishism and / or blackmail / extortion.
Themes & Settings;Polyamory;"The practice of carrying out intimate relationships with more than one partner, with the knowledge and consent of all involved partners. Often described as "consensual, ethical, and responsible non-monogamy.""
Themes & Settings;Prostitution;Engaging in an RP in which at least one player's character is a prostitute, or involves a prostitute, a person who receives money for sex.
Themes & Settings;Pseudo-rape;Arousal from a partner who pretends to resist and to struggle before being overpowered.
Themes & Settings;Racism;Scenes based on / including negative racial stereotypes, scenes in racist settings, differing treatment depending on a character's given race, and possible usage of derogatory terms in the context of a roleplay.
Themes & Settings;Realism;Expresses an interest in roleplaying scenes that are realistically possible by real life standards, or at the very least applying sensible logic and reason to situations, character responses, and motivations.
Themes & Settings;Roleplay within RP;Expresses an interest in two or more characters taking on roles within an RP and acting out a predetermined scene with predetermined characters.
Themes & Settings;Role Reversal;Refers to characters that, within the context of a particular RP, have, through character development or pre-determined measures, established their identity in regard to dominance and / or submissiveness, that will, at some point during the sexual portion of the RP, reverse their roles in regard to their previously understood roles.
Themes & Settings;Romance;Displaying or expressing love or strong affection, passion, either during love making or during normal scenes. Typically involves the roleplaying of romantic relationships, acts, and themes.
Themes & Settings;Scenes - Dungeon;Engaging in an RP which is set in a BDSM dungeon.
Themes & Settings;Scenes - Laboratory;Engaging in an RP in which the setting is of a laboratorial nature.
Themes & Settings;Scenes - Locker Room;Engaging in an RP in which the setting is a locker room.
Themes & Settings;Scenes - Office;Engaging in an RP which is set in an office.
Themes & Settings;Scenes - School;Engaging in an RP in which the setting is a school or college.
Themes & Settings;Scenes - Shower / Bath;Engaging in an RP in which the setting includes a bath or shower, may be public and / or shared.
Themes & Settings;Scenes - Steampunk;Setting in a roleplay where the main power source is steam. The time-period usually appearing as the 19th century, yet containing fantasy / futuristic elements, inventions, and machines often way ahead of it's time.
Themes & Settings;Scenes - Tribal;Engaging in an RP set in a tribal village or wild area, located far from civilization.
Themes & Settings;Sci-fi;Themes of the science-fiction genre, typically dealing with imaginative concepts such as futuristic science and technology, space travel, time travel, extraterrestrial life, and so on.
Themes & Settings;Sexism;Scenes based on prejudices, stereotypes, or discrimination on the basis of sex or gender, including sexist settings.
Themes & Settings;Slice of Life;Engaging in scenes of seemingly arbitrary events in a character's life, often lacking plot development and left open ended. Usually consists of naturally occurring themes and narratives that are of the casual and mundane variety.
Themes & Settings;Small Dom / Big Sub;Expresses an interest in the bottom / submissive character being physically larger than the top / dominant character in an RP, often implies the larger character is also physically stronger as well.
Themes & Settings;Speciesism;Scenes that incorporate addressing another species in a derogatory manner, usually demeaning epithets and / or claiming superiority to another species in the context of a roleplay.
Themes & Settings;STDs;Expresses an interest in play that incorporates sexually transmitted diseases, be they ones of real world origin or entirely fictional.
Themes & Settings;Very Experienced Partners;Refers to players whose characters are exceptionally experienced and / or skilled in the practice of sex, and typically connotates esoteric sexual abilities and / or knowledge, or the interest in RPing with such characters, does not refer to the RPing capabilities of the player.
Themes & Settings;Voyeurism;Participating in watching other individuals engaging in sex or some other kind of intercourse, usually discretely and without their knowledge.
Themes & Settings;Weapon Play;Expresses an interest in the incorporation of weaponry, such as knives, swords, guns, and various other armaments.
Themes & Settings;World of Warcraft;Roleplay taking place in the World of Warcraft universe.
Themes & Settings;Zoophilia;Refers to a sapient character engaging in a sexual act with a non-sapient animal, or playing a non-sapient animal in an RP and being engaged by a sapient character.
Body Worship & Play;Armpits;
Body Worship & Play;Ass Worship;
Body Worship & Play;Belly Fucking;
Body Worship & Play;Belly Play;
Body Worship & Play;Body Writing;
Body Worship & Play;Breast / Nipple Play;
Body Worship & Play;Breast / Nipple Worship;
Body Worship & Play;Breast Smothering;
Body Worship & Play;Cuddling;
Body Worship & Play;Ear Play;
Body Worship & Play;Fat Play;
Body Worship & Play;Footjobs;
Body Worship & Play;Foot Play;
Body Worship & Play;Handjobs;
Body Worship & Play;Hand Play;
Body Worship & Play;Hotdogging;
Body Worship & Play;Hyper Lactation;
Body Worship & Play;Intercrural Sex;
Body Worship & Play;Lactation;
Body Worship & Play;Massages;
Body Worship & Play;Masturbation;
Body Worship & Play;Muscle Worship;
Body Worship & Play;Navel Play;
Body Worship & Play;Nursing;
Body Worship & Play;Paw Play;
Body Worship & Play;Titfucking;
Dress Up & Materials;Clothed Sex;Engaging in an RP where you and / or your partner are not undressed during sexual interaction.
Dress Up & Materials;Clothing Play;Expresses an interest in scenes where clothing plays a distinct involvement, such as lingerie, using certain articles of clothing sexually, or having a character wearing (or being made to wear) various outfits.
Dress Up & Materials;Crossdressing;Engaging in an RP where one or more characters dress in the clothes considered traditionally atypical for their identifying gender.
Dress Up & Materials;Diapers;"A situation in which at least one character will wear a diaper. May imply "soiling usage" of the diaper, but not necessarily. Often related with ageplay or infantilism, but sometimes in conjunction with humiliation."
Dress Up & Materials;Footgear Worship;The act of giving gratuitous acknowledgment to the shoes or boots of one's partner, typically referring to oral play, often to clean or shine the exterior of the shoes or boots, or musk play, when regarding the interior of the shoes or boots.
Dress Up & Materials;Forced Clotheswearing;The act of either forcing a character to wear or being forced to wear specific garments of clothing of the other character's choosing, often humiliating.
Dress Up & Materials;Glasses;A preference for characters who wear glasses.
Dress Up & Materials;Latex / Rubber;The usage of latex and / or rubber material worn as clothing and / or used as a form of mummification / bondage, typically full body suits.
Dress Up & Materials;Leather;The use of leather, often in a bondage situation, typically includes leather garments or equipment associated with dominants, as well as harness gear.
Dress Up & Materials;Masks;The use of masks (surgical, BDSM, gas masks, etc), typically to conceal the wearer's identity, in an RP scene.
Dress Up & Materials;Sexy / Slutty Clothing;Having least one character wear clothing that is of a sexually suggestive or explicit nature, including but not limited to exceptionally short skirts, flamboyant underwear, excessively tight clothing, clothing with explicit graphics, etc.
Dress Up & Materials;Socks / Stockings;Expresses an interest in the inclusion of socks and / or stockings in the sexual context of an RP, or an interest in characters wearing such.
Dress Up & Materials;Strip Tease;The act of dramatically removing clothing or watching a participant do such, typically as a form of seduction.
Dress Up & Materials;Underwear;An affinity for underwear, either being worn on one's self, one's partner(s) or by itself, often involves stimulation from the scent or tactility of the underwear, but may also refer to using underwear as a sex toy in any way.
Dress Up & Materials;Underwear Bulges;The act of being sexually aroused or stimulated by the sight and / or feel of someone's genitalia creating a bulge on the front of their underwear, typically refers to exceptionally large bulges, and may include pants bulges as well.
Dress Up & Materials;Uniforms;The act of being sexually aroused by uniforms or work-related attire, and / or engaging in RPs in which characters will wear such clothing.
Dress Up & Materials;Wardrobe Malfunctions;An interest in scenes that involve clothing mishaps. May involve parts of a character's body being exposed unintentionally, clothing breaking, failing, or being ill fitting.
Dom / Sub & Psyche Play;Begging;The self-abasing act of pleading, as a form of submission, being incorporated into an RP.
Dom / Sub & Psyche Play;Chastity;Sexual abstinence, either willing or forced, this can include someone simply abstaining from sexual activity, or the wearing of a device that prevents it.
Dom / Sub & Psyche Play;Coercion / Blackmail;Refers to the inclusion of Coercion and / or Blackmail in the context of the story arc of an RP, often in the form of a semi-consensual means of receiving goods, services, or sex from a partner.
Dom / Sub & Psyche Play;Corruption;Refers to the loss of morality, characterized by a character starting pure and then becoming depraved in some way, typically ending with them being evil, slutty, or some combination of the two.
Dom / Sub & Psyche Play;Degradation;A situation where one character will be purposefully degraded, usually as a means of lowering their self worth, typically in the context of guilt or BDSM.
Dom / Sub & Psyche Play;Dirty Talking;The act of speaking in a typically explicit manner to provoke sexual stimulation from a participant, sometimes one's self, often in the context of seduction or foreplay.
Dom / Sub & Psyche Play;Discipline / Reinforcement;The use of reinforcement (rewards and / or punishments) in order to train a submissive to obey the various commands of a master.
Dom / Sub & Psyche Play;Extreme Humiliation;Engaging in an RP in which one character will purposefully be humiliated to the point (or attempted point) of intense, mental anguish and total loss of self-worth through sexual interaction, typically implies exceptional or devastating, psychological damage.
Dom / Sub & Psyche Play;Fear;Refers to the incorporation of one or more character(s) having reason to be fearful during the sexual (or even nonsexual) aspects of an RP.
Dom / Sub & Psyche Play;Femdom;Play in which a character of female gender takes the role of dominant, maintaining control and authority, being considered the focal point of the dynamic. It is defined as an exchange founded on her needs, pleasures, and desires, with the submissive's purpose to provide service to her first and foremost.
Dom / Sub & Psyche Play;Forced Incest;Engaging in an RP in which a character is forced to have sex with a character who is related to them, either by blood or marriage.
Dom / Sub & Psyche Play;Forced Nudity;The act of either forcing a character to be nude or being forced to be nude by another character, typically used in public situations.
Dom / Sub & Psyche Play;Force Feeding;Engaging in an RP in which a character, typically bound or otherwise immobile, is forced to consume large, often impossible and unrealistic, amounts of food against their will, often resulting in inflation and / or weight gain.
Dom / Sub & Psyche Play;Humiliation;Engaging in an RP in which one character will be embarrassed, typically extremely and / or frequently, in an attempt to elicit either a response of sexual gratification from the emotions correlating to humiliation, or merely as a form of psychological domination or punishment, typically a more intense form of degradation.
Dom / Sub & Psyche Play;Hypnotism / Mind Control;Engaging in an RP in which one character will mentally and / or supernaturally take control of another character's mind and / or body through psychic means or hypnotic means, sometimes through the use of supernatural or magical powers.
Dom / Sub & Psyche Play;Impotence;Expresses an interest in characters that are unable to achieve an erection (or arousal) without, or even with, help.
Dom / Sub & Psyche Play;Lima Syndrome;The act of a character that is an abductor developing sympathy for their captives, trusting and / or displaying affection for their captive / victim.
Dom / Sub & Psyche Play;Master / Pet;Engaging in an RP in which a domination / submission relationship is played between at least two characters, and in which the bottom character takes on the role of a pet, typically a training-based scenario with positive reinforcement over negative reinforcement, as well as the inclusion of affection.
Dom / Sub & Psyche Play;Master / Slave;Engaging in an RP in which a domination / submission relationship is played between at least two characters, and in which the bottom character takes on the role of a slave, typically requires the slave to accept any and all commands, often involves non-sexual forms of abuse and uses negative reinforcement.
Dom / Sub & Psyche Play;Mental Torture;An expressed interest in scenes that involve torture that is psychological in nature, typically involving themes of fear, paranoia, insanity, mental abuse, and so on.
Dom / Sub & Psyche Play;Objectification;The act of either being treated or treating another character as a specific and set object, often articles of furniture, or bestowing dehumanizing tasks to a character in order to imbue a character with the traits of an object.
Dom / Sub & Psyche Play;Orientation Play;Expresses an interest in RP's in which one character's sexual orientation will be a focal point of the scene, typically in correlation with the discovery, exploration, or coercion of bisexuality / homosexuality in the sexuality of a character.
Dom / Sub & Psyche Play;Physical Restraints;The act of giving or receiving commands, typically verbal, that limit the way in which another character is permitted to physically interact with another character.
Dom / Sub & Psyche Play;Possessiveness / Jealousy;Describes a character who is or becomes jealous or even possessive of their partner(s). Such a character may be (overly) demanding and overbearing in a relationship, growing aggressive towards those that may encroach on said partner.
Dom / Sub & Psyche Play;Powerbottoming;An expressed interest in a sexual exchange where the character who is receiving penetration is in control, dominant, taking initiative, or directing the interaction.
Dom / Sub & Psyche Play;Public Humiliation;One or more characters engaging in explicit and elicit, sexual activity in a public setting for the purposes of humiliating one or more characters.
Dom / Sub & Psyche Play;Puppy / Pony Play;Engaging in an RP in which a domination / submission relationship is played between two characters, and in which the bottom character takes on the role and psyche of a feral puppy, pony, or other predetermined animal, typically involves rituals, speech restrictions, physical restrictions, and humiliation, as well as extensive training and a mixture of positive and negative reinforcement.
Dom / Sub & Psyche Play;Sexual Restraints;Refers to a dominant giving a command for how the submissive may act in regard to sexual acts or within a sexual situation, often a decree of chastity or prohibition from any form of sexual contact.
Dom / Sub & Psyche Play;Sissification;The act of changing the appearance of a male character through realistic means, particularly by the use of makeup, female clothes and / or female accessories, to appear as a female and / or forcing the male to adopt the mannerisms of a female, or being the recipient of such actions.
Dom / Sub & Psyche Play;Speech Restrictions;The act of giving or receiving commands, typically verbal, that limit the way in which another character is permitted to speak or otherwise make noise from one's mouth, typically used in a BDSM context to constrain the submissive to begging, animal noises or silence.
Dom / Sub & Psyche Play;Stockholm Syndrome;The act of a character trusting or displaying affection towards those responsible for kidnapping / taking them as a hostage, may or may not involve actual kidnapping vs. a domestic abuse relationship.
Dom / Sub & Psyche Play;Uppity;Expresses an interest in engaging in an RP in which the submissive and / or bottom character is combative and disobedient in any number of ways.
Dom / Sub & Psyche Play;Verbal Abuse;The act of verbally accosting or being verbally accosted with derogatory terms pertaining to sex, or in the effort to demean, degrade or otherwise humiliate another character, or occasionally to elicit sexual stimulation from abuse.
BDSM;Aftercare;Comforting care and maintenance carried out between two characters after a particularly rigorous experience, such as after BDSM scenes or heavy / harsh exchanges. May consist of talking, cuddling, and various forms of pampering.
BDSM;Apparatuses;The use of complex objects with moving parts in order to bondage, immobilize or otherwise sexually gratify and / or incapacitate a character, in the sexual context of an RP.
BDSM;Blindfolds;
BDSM;Caging;The act of placing another character in a cage, or being placed in a cage, or other confining, device.
BDSM;Coiling;
BDSM;Crying;The involvement and presence of someone crying or making a character do so, usually as the result of pain or actions carried out against them (which may or may not stimulate arousal from the inflictor).
BDSM;Electric Toys;
BDSM;Flogging / Whipping;The use of toys being employed against another character, particularly referring to contact play involving whips of any type, riding crops, paddles, or flogs.
BDSM;Gags;
BDSM;Hand Cuffs;The use of hand cuffs to partially immobilize a character during an RP, or to restrain a character to an object.
BDSM;Heavy / Extreme Bondage;
BDSM;Immobilization (Bondage);Engaging in an RP in which at least one character will be physically immobilized, typical by heavy bondage or mummification from BDSM, but may be from other methods like entrapment or suppression.
BDSM;Leash & Collar;
BDSM;Light / Medium Bondage;The use of bondage that is mild or moderate in either the position in which it causes the bound character to be in, the duration for which the character will be in bondage, the level of discomfort caused by the bondage or the amount of immobilization that will occur due to the bondage.
BDSM;Orgasm Control / Denial;
BDSM;Pleasure Control / Denial;Engaging in an RP in which one character is in a position to administer or withhold any form of physical, sexual or psychological pleasure to another character, pleasure may be completely denied.
BDSM;Sensory Deprivation;
BDSM;Suspension Play;Engaging in an RP that includes suspension apparatuses and / or rope toys, which typically will suspend one character above the bed or floor, often uncomfortable.
Roughness / Pain;Abuse;The act of applying abusive actions onto a character, typically through acts of physical violence. Involves subjecting a character(s) to unpleasant situations and behaviors.
Roughness / Pain;Ballbusting;Harm to the testicles, usually for sexual pleasure.
Roughness / Pain;Biting;The act of biting or being bitten, sometimes painful, sometimes playful.
Roughness / Pain;Breath Control;A situation in which at least one character will have physical control over the breathing habits of another character, often by either intermittent choking and / or due to the penetration of the throat.
Roughness / Pain;Choking;A situation in which one character will control another character's breath with extreme force, and typically for extended and / or dangerous periods of time.
Roughness / Pain;Crushing (Living);The act of crushing living organisms (such as people, animals, and other sentient life) with one's body, or being aroused by another individual doing so.
Roughness / Pain;Crushing (Objects);The act of crushing inanimate objects (such as food, furniture, toys, housing structure) with one's body, or being aroused by another individual doing so.
Roughness / Pain;Face Slapping;Slaps to the face, of any degree or severity.
Roughness / Pain;Hair Pulling;The act of pulling or tugging on another character's hair, or being the recipient of such.
Roughness / Pain;Roughness;The involvement of rough behavior and actions (typically during sex) upon a partner. Usually denotes harsh grabbing, pulling, brisk brusque motions, and similar physical conduct.
Roughness / Pain;Sadism / Masochism;The act of taking the role of a sadist or masochist, meaning one that receives sexual gratification from being the recipient of or administering physical pain.
Roughness / Pain;Scratching;One character scratching another with their nails or claws, sometimes leaving marks, but not necessarily painful.
Roughness / Pain;Sexual Pain;Refers to the inclusion of physical pain due to acts which are directly sexual, typically rough or excessive penetrations.
Roughness / Pain;Spanking;The act of striking the buttocks of another character, or being the recipient of such, often as a form of erotic foreplay or as punishment in a BDSM setting.
Roughness / Pain;Violence;Themes that incorporate the use of intense force that results in physical pain and discomfort.
Roughness / Pain;Wax Play;The act of using wax, typically hot candle wax, as a form of sexual stimulation and / or torture, or receiving such actions.
Gore / Torture / Death;Abrasions;Engaging in a situation in which at least one character will receive abrasions, defined as scrapes that are at their mildest in severity capable of causing bleeding, typically administered via rough or coarse objects, such as sandpaper or cement.
Gore / Torture / Death;Bloodplay;Pertains to the inclusion of blood or the retrieval of blood in any form in a sexual context, or engaging in acts which will draw blood.
Gore / Torture / Death;Branding;A situation in which at least one character will be branded, usually as a form of sadomasochism. Typically by means of applying intense heat in a specific pattern designed to visually show ownership.
Gore / Torture / Death;Breast / Nipple Torture;A situation in which at least one character's breasts or nipples will be the subject of physical, non-sexual pain of an extended duration.
Gore / Torture / Death;Burning;A situation in which at least one character will be burned. May include burning with such things as cigars, cigarettes, hot iron, or other methods.
Gore / Torture / Death;Castration;An action where the testicles (or ovaries) are removed or disabled, whether by surgical, chemical or magical means.
Gore / Torture / Death;Death;A situation in which a character will die at any point by any means.
Gore / Torture / Death;Emasculation;The act whereby the genitalia are removed by magical or surgical means, usually the penis and / or the testicles. May also imply humiliation, e.g. to render a male less of a man.
Gore / Torture / Death;Execution / Murder;The act of actively causing death to a character that is not accidental. Implies committing lethal acts on a character that is intended to result in their end, or being the receiver of such actions.
Gore / Torture / Death;Genital Torture;Engaging in an RP in which at least one character's genitals will be given negative attention, the intent of which to be to cause physical pain.
Gore / Torture / Death;Gore;The involvement of graphic violence and carnage, generally of serious physical injuries involving blood, flesh, bone, and internal organs.
Gore / Torture / Death;Impalement;Describes a character being pierced by an object, and subsequently having it extend out and through an exit wound. Typically implies pain, torture, and is often fatal.
Gore / Torture / Death;Menses;Engaging in an RP in which menstruation will be involved, or applied to the sexual context of a scene.
Gore / Torture / Death;Mutilation;The act of physically damaging or otherwise causing irreparable change and / or harm to a character in an RP, typically by the use of cutting, stabbing or contact objects, often exceptionally painful.
Gore / Torture / Death;Necrophilia;The act of having sex with a dead, or otherwise unconscious or inanimate, character that was once alive, or, theoretically, receiving such actions.
Gore / Torture / Death;Nonsexual Pain;Refers to either the administering and / or receiving of pain that is not derived through sexual activity and does not cause sexual gratification for the recipient, often interpreted to mean pain that is located in non-sexual parts of one's body.
Gore / Torture / Death;Nonsexual Torture;The act of causing or receiving extended scenes of pain due to acts that are not of a sexual nature, or giving or being the recipient of psychological abuse for extended periods of time or at a great degree of intensity.
Gore / Torture / Death;Nullification;The removal / amputation of any body part.
Gore / Torture / Death;Piercing;The act of piercing a character's body, typically in a painful manner, and often in a sexual or exceptionally sensitive location on the person's body, or having one's own body pierced.
Gore / Torture / Death;Sexual Torture;Torture that is sexual in nature, or greatly harms one sexually.
Gore / Torture / Death;Swallowing Blood;The act of orally consuming blood.
Gore / Torture / Death;Tooth Removal;Expresses an interest in play that involves tooth removal.
Gore / Torture / Death;Wound Fucking;Inserting one's cock into a wound, either preexisting or freshly made, in order to engage in intercourse.
Inflation, Growth, & Sizeplay;Ass Growth;A situation where at least one character's ass grows in size, typically to fantastical proportions, by any means, including but not limited to magical or chemical.
Inflation, Growth, & Sizeplay;Blueberrification;The process of a character being inflated into a spherical shape by swelling with juice, accompanied by their skin turning into shades of blue (or other fruit hues).
Inflation, Growth, & Sizeplay;Breast Growth;A situation in which at least one character's breasts grow in size, typically to fantastical proportions, by any means, including but not limited to magical or chemical.
Inflation, Growth, & Sizeplay;Cock / Ball Growth;A situation in which at least one character's penis and testicles grow in size, typically to fantastical proportions, by any means, including but not limited to magical or chemical infusion or due to sexual fluids becoming blocked or otherwise obstructed.
Inflation, Growth, & Sizeplay;Cum Inflation (Heavy / Extreme);Engaging in an RP in which at least one character is filled with an impossible amount of semen, typically directly from the penis due to anal, vaginal or oral sex, causing their stomach and / or body to expand to fantastical sizes.
Inflation, Growth, & Sizeplay;Cum Inflation (Light / Medium);Engaging in an RP in which at least one character is filled with a massive amount of semen, typically directly from the penis due to anal, vaginal or oral sex, causing their stomach and / or body to bulge or become somewhat round.
Inflation, Growth, & Sizeplay;Forced Growth;Expresses an interest in which at least one character will be forced to endure themselves, or any part(s) of their body, growing against their will.
Inflation, Growth, & Sizeplay;Growth;Growing in body size by magical, medicinal, or otherwise fantastic means.
Inflation, Growth, & Sizeplay;Growth (Macro);Growing in body size to heights in vast excess, often to seemingly impossible sizes.
Inflation, Growth, & Sizeplay;Hyper Muscle Growth;Increasing the size or strength of one's muscles to excessive or impossible degrees.
Inflation, Growth, & Sizeplay;Immobilization (Size);Engaging in an RP in which at least one character will be rendered immobile due to a variety of reasons, typically due to some form of bodily growth. May be a result of extremer forms weight gain, inflation, or a part of their body growing to impeccable sizes such as their breasts, cock, ass, or muscles that result in them becoming encumbered.
Inflation, Growth, & Sizeplay;Inflation (Heavy / Extreme);Engaging in an RP in which at least one character is filled with an impossible amount of a substance other than a bodily fluid, typically a gas or liquid, causing their stomach and / or body to expand to fantastical sizes.
Inflation, Growth, & Sizeplay;Inflation (Light / Medium);Engaging in an RP in which at least one character is filled with a massive amount of a substance other than a bodily fluid, typically a gas or liquid, causing their stomach and / or body to bulge or become somewhat round.
Inflation, Growth, & Sizeplay;Muscle Growth;Increasing the size or strength of one's muscles by magical, medicinal, or other fantastic means.
Inflation, Growth, & Sizeplay;Popping;The act of causing a part of a character's anatomy, or the entire character, to explode by means of ballooning or inflation, or being the recipient of such actions.
Inflation, Growth, & Sizeplay;Shrinking;Reducing in body size, usually a reduction of about one foot in size, or being the receiver of such actions.
Inflation, Growth, & Sizeplay;Shrinking (Micro);Reducing in body size to such an extent that inches or smaller units are the most that can be used for measurement.
Inflation, Growth, & Sizeplay;Weight Gain (Heavy / Extreme);The act of a character gaining significant amounts of weight (be it through the increased consumption of food, magical / scifi effects, or other influences) or engaging in an RP where a character does as such. Typically in unrealistic or large quantities and paces.
Inflation, Growth, & Sizeplay;Weight Gain (Light / Medium);The act of a character gaining weight (be it through the increased consumption of food, magical / scifi effects, or other influences) or engaging in an RP where a character does as such. Typically in more realistic amounts and paces.
Inflation, Growth, & Sizeplay;Weight Loss;The act of losing of weight through various means, or engaging in an RP in which a character does such.May be done realistically, unrealistically, through starvation, work out, through magical / scifi effects, or a variety of other methods.
Transformation;Animal Transformation;Transforming a character into an animal creature, typically quadrupedal but not necessarily, may some varying degree of sentience or feral mindedness.
Transformation;Bimbofication;Scenes in which someone is turned into a stereotypical bimbo, often including breast growth, intelligence-reduction, increased sex drive, and more subtle change to features such as hair-color or general appearance.
Transformation;Body Part Transformation;Transforming a character into a body part, or into a part of another character's body, may be done through a variety of means.
Transformation;Body Swapping;The act of two or more individuals swapping bodies through consciousness transfer, enabling them to inhabit the other's body.
Transformation;Gender Transformation;Transforming a character into another gender by various means, which may or may not include their sex. Encompasses both magical and sci-fi changes, as well as more realistic gender reassignment.
Transformation;Inanimate Object Transformation;Transforming a character into an object of sorts (a chair, clothing, a toy, etc.), may be done through a variety of means.
Transformation;Species Transformation;Transforming a character into another species other than their own, may be done through a variety of means.
Transformation;Supernatural Transformation;Transforming a character into a supernatural entity such as a vampire, werebeast, demon, god, and other such varied mythical figures. May be done through a variety of means.
Transformation;Transformation;The act of causing the physical characteristics of a participant of an RP, possibly including one's self, by magical or chemical means, to change in a dramatic fashion, may refer to a myriad of different types of transformations, and connotates receiving sexual pleasure from the act of transformation itself.
Pregnancy & Breeding;Alternative Pregnancy;Pregnancy that takes place in areas of the body other than the womb through vaginal means, such as the breasts, balls, limbs, tail, and so on.
Pregnancy & Breeding;Anal Pregnancy;Pregnancy that takes place rectally in the anal canal.
Pregnancy & Breeding;Birthing;Scenes in which someone goes into labor or gives birth, participants may derive sexual gratification from the experience.
Pregnancy & Breeding;Breeding;Entails the act sexual intercourse for the sole purpose of inducing pregnancy and / or producing offspring.
Pregnancy & Breeding;Extreme Pregnancy;The act of becoming pregnant with an incredible or unrealistic size and / or number of fetuses / eggs, often in an unrealistically short time span, and often to the point of immobility, or engaging in an RP in which at least one character fits such a description.
Pregnancy & Breeding;Heat / Rut;A character entering a state of heightened sexual arousal which often alters or overrides their inhibitions. May correspond with being more receptive to impregnation / the ability to impregnate.
Pregnancy & Breeding;Impregnation;Expresses an interest in actions where impregnating a character is the focused act, actively trying to get another character pregnant in one form or another.
Pregnancy & Breeding;Male Pregnancy;The act of a male identifying character becoming pregnant during the course of an RP, or engaging in an RP in which at least one male character is pregnant.
Pregnancy & Breeding;Oviposition;Engaging in an RP in which at least one character will lay eggs through an orifice.
Pregnancy & Breeding;Pregnancy;Engaging in an RP in which at least one character is pregnant, and / or includes themes of pregnancy.
Pregnancy & Breeding;Risk of Pregnancy;Engaging in an RP in which there is an immediate and serious risk of at least one character becoming pregnant, often implies that at least one character does not want such a result.
Vore & Unbirth;Absorption;Vore by means of merging with the predator, or being absorbed and / or dissolved by an anatomical fluid of the predator.
Vore & Unbirth;Alternative Vore;The act of physically consuming another character, performed through an orifice other than the mouth, penis, vagina or anus, or receiving such actions.
Vore & Unbirth;Anal Vore;Vore where something or someone is swallowed into the anus.
Vore & Unbirth;Cannibalism;The act of consuming same / similar species, usually of the humanoid variety and intelligent. Typically denotes realism and a character being realistically eaten. 
Vore & Unbirth;Cock Vore;The act of physically consuming another character, performed through the penis, often resulting in the prey character being lodged into the testicles, or being the recipient of such actions.
Vore & Unbirth;Cooking (Vore);The act of a character cooking / preparing a character (or being cooked / prepared) to be consumed by another. May involve a character whole or just parts of a character. Tends to involve the act of realistically preparing someone in the same way one would cook a traditional meal.
Vore & Unbirth;Digestion;Engaging in a vore-related RP in which the prey character will be digested in whatever fluid(s) are applicable.
Vore & Unbirth;Disposal;Engaging in a vore-related RP in which the prey will be consumed, digested and released as fecal matter and / or urine.
Vore & Unbirth;Hard Vore;Engaging in vore in which the prey character is chewed and / or eaten piece by piece, or otherwise physically mutilated by the act of being consumed.
Vore & Unbirth;Realistic Vore;Engaging in a vore scene in which realistic physiology is taken into account, typically connotates hard vore.
Vore & Unbirth;Soft Vore;Engaging in vore in which the prey character is consumed whole, causing no or minimal damage to the character due to the vore process.
Vore & Unbirth;Unbirthing;The act of physically consuming another character through the vagina and into the womb, or being the recipient of such actions.
Vore & Unbirth;Unrealistic Vore;Engaging in a vore scene in which realistic physiology is not taken into account, typically connotates soft vore.
Vore & Unbirth;Vore (Being Predator);Being the consuming partner in a vore or unbirth situation, acting as the predator.
Vore & Unbirth;Vore (Being Prey);Being the consumed partner in a vore-related RP situation.
Unclean Themes & Play;Belching / Burping;Belching, during sexual intercourse, or just as an act during the roleplay. May be exaggerated (visible expulsions of air) and / or with exaggerated burping noises, but not necessarily.
Unclean Themes & Play;Dirty Feet;Expresses an interest in feet that are deemed "unclean," usually through sweat, dirt, or a buildup of grime.
Unclean Themes & Play;Extreme Musk;Engaging in an RP in which one character exudes exceptionally strong odors from the body, such as but not limited to odor from the crotch, foreskin, feet or armpit to degrees that are typically realistic and / or derived from excessive lack of hygiene.
Unclean Themes & Play;Farting;Farting, during sexual intercourse, or just as an act during the roleplay. May be exaggerated (visible expulsions of air) and / or with exaggerated flatulent noises, but not necessarily.
Unclean Themes & Play;Filth;Expresses an interest in the inclusion of dirtiness and uncleanly aspects such as foul odors, trash, or any other form of physical matter that is considered unsanitary or disgusting.
Unclean Themes & Play;Messy;Engaging in an RP that may involve excessive amounts of liquids (which may be bodily fluids) or other solutions such as (but not limited to) mud, food, slime, etc.
Unclean Themes & Play;Slob;Characters without hygiene or uncaring of typical standards for cleanliness due to laziness, personal choice, or otherwise, may emphasize and derive pleasure from laziness or from actions linked with a lack of hygiene.
Unclean Themes & Play;Smegma;Expresses an interest in the build-up substance that generates on one's genitals (typically under foreskin and labia) due to a lack of maintained hygiene.
Unclean Themes & Play;Swallowing Vomit;Engaging in an RP in which a character will orally consume vomit.
Unclean Themes & Play;Unwashed Musk;Refers to an RP involving characters where the aspect of unwashed musk is notably present / involved in play. Generally implies one or more characters having a distinct scent due to a lack of hygiene (typically with pheromones derived from the crotch).
Unclean Themes & Play;Vomiting;The act of vomiting, being vomited upon, consuming vomit or otherwise including vomit in the sexual context of an RP.
Watersports & Scat;Bathroom Control;A situation in which a character controls when, how and where another character may use the bathroom in any fashion, typically as a form of control or degradation.
Watersports & Scat;Hyper Scat;Producing unnatural amounts of feces, or using other means to obtain feces in huge, often unrealistic, amounts within an RP, the excretion of product thereof causing sexual stimulation and / or distress to one or more characters.
Watersports & Scat;Hyper Watersports;Producing unnatural amounts of urine, or using other means to obtain urine in huge, often unrealistic, amounts within an RP, the excretion of product thereof causing sexual stimulation and / or distress to one or more characters.
Watersports & Scat;Marking;The act of urinating on another character in order to mark them with your proprietary scent of urine, or being the recipient of such actions.
Watersports & Scat;Piss Enemas;The act of performing an enema, the liquid being used in such being urine, or receiving such actions, often by means of someone urinating inside their partner.
Watersports & Scat;Scat;Pertains to the inclusion of fecal matter or the expelling of fecal matter in any form in the sexual context of an RP.
Watersports & Scat;Scat Torture;The act of using fecal matter or the act of expelling fecal matter to abuse another character who is unwilling or uninterested in taking part in such actions, or being the recipient of such.
Watersports & Scat;Soiling;"The act of "fecal soiling" in one's underwear, pants or clothes, or having another character perform such actions."
Watersports & Scat;Swallowing Feces;Engaging in an RP in which a character will orally consume fecal matter.
Watersports & Scat;Swallowing Urine;Engaging in an RP in which a character will orally consume urine.
Watersports & Scat;Watersports;Pertains to the inclusion of urine, or the expelling of urine, in any form, in the sexual context of an RP.
Watersports & Scat;Wetting;The act of urinating in one's underwear, pants or clothes, or having another character urinate onto a person who is clothed to any degree.
